date,actual_value,expected_value,lower_bound,upper_bound
2026-01-01,51274.24537177899,49815.74273627985,36534.99890011283,63096.48657244687
2026-01-02,54064.01430438356,49815.74273627985,36534.99890011283,63096.48657244687
2026-01-03,45675.40607622581,49815.74273627985,36534.99890011283,63096.48657244687
2026-01-04,40846.50824475209,49815.74273627985,36534.99890011283,63096.48657244687
2026-01-05,50744.06833021155,49815.74273627985,36534.99890011283,63096.48657244687
2026-01-06,52828.03844382391,49815.74273627985,36534.99890011283,63096.48657244687
2026-01-07,52615.056362850555,49815.74273627985,36534.99890011283,63096.48657244687
2026-01-08,50715.381666890775,49815.74273627985,36534.99890011283,63096.48657244687
2026-01-09,54984.87895824615,49815.74273627985,36534.99890011283,63096.48657244687
2026-01-10,44232.260465183776,49815.74273627985,36534.99890011283,63096.48657244687
2026-01-11,40791.458177376546,49815.74273627985,36534.99890011283,63096.48657244687
2026-01-12,53200.01274188605,49815.74273627985,36534.99890011283,63096.48657244687
2026-01-13,54059.4276278051,49815.74273627985,36534.99890011283,63096.48657244687
2026-01-14,53514.51708627123,49815.74273627985,36534.99890011283,63096.48657244687
2026-01-15,51420.75840802684,49815.74273627985,36534.99890011283,63096.48657244687
2026-01-16,54226.63678340509,49815.74273627985,36534.99890011283,63096.48657244687
2026-01-17,45331.87570567425,49815.74273627985,36534.99890011283,63096.48657244687
2026-01-18,39137.005659253904,49815.74273627985,36534.99890011283,63096.48657244687
2026-01-19,53290.605271176544,49815.74273627985,36534.99890011283,63096.48657244687
2026-01-20,53955.06668011237,49815.74273627985,36534.99890011283,63096.48657244687
2026-01-21,52333.623872809265,49815.74273627985,36534.99890011283,63096.48657244687
2026-01-22,50387.16341003645,49815.74273627985,36534.99890011283,63096.48657244687
2026-01-23,56100.287204806635,49815.74273627985,36534.99890011283,63096.48657244687
2026-01-24,44860.923466138076,49815.74273627985,36534.99890011283,63096.48657244687
2026-01-25,39614.5049600532,49815.74273627985,36534.99890011283,63096.48657244687
2026-01-26,52183.07980456059,49815.74273627985,36534.99890011283,63096.48657244687
2026-01-27,54479.07826699801,49815.74273627985,36534.99890011283,63096.48657244687
2026-01-28,52828.89965792767,49815.74273627985,36534.99890011283,63096.48657244687
2026-01-29,51371.45935043639,49815.74273627985,36534.99890011283,63096.48657244687
2026-01-30,55387.738902707104,49815.74273627985,36534.99890011283,63096.48657244687
2026-01-31,46927.482840783414,49815.74273627985,36534.99890011283,63096.48657244687
2026-02-01,39634.22648525384,49815.74273627985,36534.99890011283,63096.48657244687
2026-02-02,52038.981543835616,49815.74273627985,36534.99890011283,63096.48657244687
2026-02-03,53267.60454457691,49815.74273627985,36534.99890011283,63096.48657244687
2026-02-04,53054.38148031795,49815.74273627985,36534.99890011283,63096.48657244687
2026-02-05,52016.0750634488,49815.74273627985,36534.99890011283,63096.48657244687
2026-02-06,54897.44728811062,49815.74273627985,36534.99890011283,63096.48657244687
2026-02-07,44243.859170733725,49815.74273627985,36534.99890011283,63096.48657244687
2026-02-08,39257.96690587788,49815.74273627985,36534.99890011283,63096.48657244687
2026-02-09,53085.53350904223,49815.74273627985,36534.99890011283,63096.48657244687
2026-02-10,54668.9287540831,49815.74273627985,36534.99890011283,63096.48657244687
2026-02-11,52988.83884147467,49815.74273627985,36534.99890011283,63096.48657244687
2026-02-12,50401.04126344017,49815.74273627985,36534.99890011283,63096.48657244687
2026-02-13,55208.94519076005,49815.74273627985,36534.99890011283,63096.48657244687
2026-02-14,45105.01722822666,49815.74273627985,36534.99890011283,63096.48657244687
2026-02-15,40196.81973705611,49815.74273627985,36534.99890011283,63096.48657244687
2026-02-16,53284.28590015337,49815.74273627985,36534.99890011283,63096.48657244687
2026-02-17,54201.235993897215,49815.74273627985,36534.99890011283,63096.48657244687
2026-02-18,53111.022206764705,49815.74273627985,36534.99890011283,63096.48657244687
2026-02-19,51060.82116254,49815.74273627985,36534.99890011283,63096.48657244687
2026-02-20,55260.207458820994,49815.74273627985,36534.99890011283,63096.48657244687
2026-02-21,45568.159403254685,49815.74273627985,36534.99890011283,63096.48657244687
2026-02-22,38688.5597621299,49815.74273627985,36534.99890011283,63096.48657244687
2026-02-23,52212.29590527843,49815.74273627985,36534.99890011283,63096.48657244687
2026-02-24,53576.66461113648,49815.74273627985,36534.99890011283,63096.48657244687
2026-02-25,51925.009936580995,49815.74273627985,36534.99890011283,63096.48657244687
2026-02-26,50752.371973895984,49815.74273627985,36534.99890011283,63096.48657244687
2026-02-27,56345.44718011096,49815.74273627985,36534.99890011283,63096.48657244687
2026-02-28,44220.75199587608,49815.74273627985,36534.99890011283,63096.48657244687
2026-03-01,40871.45051913233,49815.74273627985,36534.99890011283,63096.48657244687
2026-03-02,50985.417205545775,49815.74273627985,36534.99890011283,63096.48657244687
2026-03-03,53698.6034730128,49815.74273627985,36534.99890011283,63096.48657244687
2026-03-04,52646.477758594505,49815.74273627985,36534.99890011283,63096.48657244687
2026-03-05,51527.60009822335,49815.74273627985,36534.99890011283,63096.48657244687
2026-03-06,55640.10392181358,49815.74273627985,36534.99890011283,63096.48657244687
2026-03-07,45714.01251167993,49815.74273627985,36534.99890011283,63096.48657244687
2026-03-08,39686.1474349764,49815.74273627985,36534.99890011283,63096.48657244687
2026-03-09,52083.88338660189,49815.74273627985,36534.99890011283,63096.48657244687
2026-03-10,54772.17829313144,49815.74273627985,36534.99890011283,63096.48657244687
2026-03-11,52327.82610760655,49815.74273627985,36534.99890011283,63096.48657244687
2026-03-12,49851.88230899587,49815.74273627985,36534.99890011283,63096.48657244687
2026-03-13,53980.041507396876,49815.74273627985,36534.99890011283,63096.48657244687
2026-03-14,44172.49294259855,49815.74273627985,36534.99890011283,63096.48657244687
2026-03-15,40447.44466964839,49815.74273627985,36534.99890011283,63096.48657244687
2026-03-16,52628.18316246351,49815.74273627985,36534.99890011283,63096.48657244687
2026-03-17,54621.43681866099,49815.74273627985,36534.99890011283,63096.48657244687
2026-03-18,52115.47261829712,49815.74273627985,36534.99890011283,63096.48657244687
2026-03-19,51142.68572196904,49815.74273627985,36534.99890011283,63096.48657244687
2026-03-20,55563.03135457061,49815.74273627985,36534.99890011283,63096.48657244687
2026-03-21,44721.58811425178,49815.74273627985,36534.99890011283,63096.48657244687
2026-03-22,40411.09771380167,49815.74273627985,36534.99890011283,63096.48657244687
2026-03-23,51904.26665304002,49815.74273627985,36534.99890011283,63096.48657244687
2026-03-24,53673.251538091434,49815.74273627985,36534.99890011283,63096.48657244687
2026-03-25,52156.435895401504,49815.74273627985,36534.99890011283,63096.48657244687
2026-03-26,49923.74431896987,49815.74273627985,36534.99890011283,63096.48657244687
2026-03-27,55438.275232707034,49815.74273627985,36534.99890011283,63096.48657244687
2026-03-28,44577.53789381755,49815.74273627985,36534.99890011283,63096.48657244687
2026-03-29,40011.244706854915,49815.74273627985,36534.99890011283,63096.48657244687
2026-03-30,52932.67199301532,49815.74273627985,36534.99890011283,63096.48657244687
2026-03-31,54401.87805842695,49815.74273627985,36534.99890011283,63096.48657244687
2026-04-01,53098.846598075506,49815.74273627985,36534.99890011283,63096.48657244687
2026-04-02,50911.36306394152,49815.74273627985,36534.99890011283,63096.48657244687
2026-04-03,54619.03151916027,49815.74273627985,36534.99890011283,63096.48657244687
2026-04-04,44928.25361018424,49815.74273627985,36534.99890011283,63096.48657244687
2026-04-05,38481.39900943777,49815.74273627985,36534.99890011283,63096.48657244687
2026-04-06,40958.07901985538,49815.74273627985,36534.99890011283,63096.48657244687
2026-04-07,42247.656279104835,49815.74273627985,36534.99890011283,63096.48657244687
2026-04-08,41281.982284126934,49815.74273627985,36534.99890011283,63096.48657244687
2026-04-09,41087.837443240875,49815.74273627985,36534.99890011283,63096.48657244687
2026-04-10,43348.055080140766,49815.74273627985,36534.99890011283,63096.48657244687
2026-04-11,35727.72296109164,49815.74273627985,36534.99890011283,63096.48657244687
2026-04-12,32935.44437440597,49815.74273627985,36534.99890011283,63096.48657244687
2026-04-13,52179.36242604472,49815.74273627985,36534.99890011283,63096.48657244687
2026-04-14,54663.76401162038,49815.74273627985,36534.99890011283,63096.48657244687
2026-04-15,51659.74408799111,49815.74273627985,36534.99890011283,63096.48657244687
2026-04-16,50815.106197919136,49815.74273627985,36534.99890011283,63096.48657244687
2026-04-17,54144.980150580486,49815.74273627985,36534.99890011283,63096.48657244687
2026-04-18,44694.87023168949,49815.74273627985,36534.99890011283,63096.48657244687
2026-04-19,40756.277323711656,49815.74273627985,36534.99890011283,63096.48657244687
2026-04-20,50945.411619126884,49815.74273627985,36534.99890011283,63096.48657244687
